seed,pair_id,retained,role,rank_training,evaluation,unused_after_eval_cap
20260806,0,True,unused_after_eval_cap,False,False,True
20260806,1,True,evaluation,False,True,False
20260806,2,True,unused_after_eval_cap,False,False,True
20260806,3,True,evaluation,False,True,False
20260806,4,True,evaluation,False,True,False
20260806,5,True,evaluation,False,True,False
20260806,6,True,evaluation,False,True,False
20260806,7,True,evaluation,False,True,False
20260806,8,True,evaluation,False,True,False
20260806,9,True,evaluation,False,True,False
20260806,10,True,evaluation,False,True,False
20260806,11,True,evaluation,False,True,False
20260806,12,True,evaluation,False,True,False
20260806,13,True,evaluation,False,True,False
20260806,15,True,evaluation,False,True,False
20260806,16,True,evaluation,False,True,False
20260806,17,True,unused_after_eval_cap,False,False,True
20260806,18,True,unused_after_eval_cap,False,False,True
20260806,19,True,evaluation,False,True,False
20260806,20,True,evaluation,False,True,False
20260806,21,True,unused_after_eval_cap,False,False,True
20260806,22,True,evaluation,False,True,False
20260806,23,True,rank_training,True,False,False
20260806,24,True,unused_after_eval_cap,False,False,True
20260806,25,True,evaluation,False,True,False
20260806,26,True,evaluation,False,True,False
20260806,27,True,evaluation,False,True,False
20260806,28,True,rank_training,True,False,False
20260806,29,True,evaluation,False,True,False
20260806,30,True,unused_after_eval_cap,False,False,True
20260806,31,True,evaluation,False,True,False
20260806,32,True,evaluation,False,True,False
20260806,33,True,rank_training,True,False,False
20260806,34,True,rank_training,True,False,False
20260806,35,True,evaluation,False,True,False
20260806,36,True,evaluation,False,True,False
20260806,37,True,evaluation,False,True,False
20260806,38,True,rank_training,True,False,False
20260806,39,True,rank_training,True,False,False
20260806,40,True,evaluation,False,True,False
20260806,41,True,evaluation,False,True,False
20260806,42,True,rank_training,True,False,False
20260806,43,True,evaluation,False,True,False
20260806,44,True,evaluation,False,True,False
20260806,45,True,unused_after_eval_cap,False,False,True
20260806,46,True,unused_after_eval_cap,False,False,True
20260806,47,True,evaluation,False,True,False
20260806,48,True,evaluation,False,True,False
20260806,49,True,rank_training,True,False,False
20260806,50,True,evaluation,False,True,False
20260806,51,True,evaluation,False,True,False
20260806,52,True,evaluation,False,True,False
20260806,53,True,evaluation,False,True,False
20260806,54,True,unused_after_eval_cap,False,False,True
20260806,55,True,evaluation,False,True,False
20260806,56,True,unused_after_eval_cap,False,False,True
20260806,57,True,unused_after_eval_cap,False,False,True
20260806,58,True,evaluation,False,True,False
20260806,59,True,evaluation,False,True,False
20260806,60,True,evaluation,False,True,False
20260806,61,True,evaluation,False,True,False
20260806,62,True,rank_training,True,False,False
20260806,63,True,rank_training,True,False,False
20260806,64,True,evaluation,False,True,False
20260806,65,True,unused_after_eval_cap,False,False,True
20260806,66,True,evaluation,False,True,False
20260806,67,True,evaluation,False,True,False
20260806,68,True,unused_after_eval_cap,False,False,True
20260806,69,True,evaluation,False,True,False
20260806,70,True,evaluation,False,True,False
20260806,71,True,evaluation,False,True,False
20260806,72,True,evaluation,False,True,False
20260806,73,True,evaluation,False,True,False
20260806,74,True,unused_after_eval_cap,False,False,True
20260806,75,True,evaluation,False,True,False
20260806,76,True,evaluation,False,True,False
20260806,77,True,evaluation,False,True,False
20260806,78,True,evaluation,False,True,False
20260806,79,True,unused_after_eval_cap,False,False,True
20260806,80,True,unused_after_eval_cap,False,False,True
20260806,81,True,evaluation,False,True,False
20260806,82,True,evaluation,False,True,False
20260806,83,True,unused_after_eval_cap,False,False,True
20260806,84,True,unused_after_eval_cap,False,False,True
20260806,85,True,unused_after_eval_cap,False,False,True
20260806,86,True,unused_after_eval_cap,False,False,True
20260806,87,True,evaluation,False,True,False
20260806,88,True,evaluation,False,True,False
20260806,89,True,evaluation,False,True,False
20260806,90,True,evaluation,False,True,False
20260806,91,True,evaluation,False,True,False
20260806,92,True,evaluation,False,True,False
20260806,93,True,evaluation,False,True,False
20260806,94,True,rank_training,True,False,False
20260806,95,True,evaluation,False,True,False
20260806,96,True,unused_after_eval_cap,False,False,True
20260806,97,True,unused_after_eval_cap,False,False,True
20260806,98,True,evaluation,False,True,False
20260806,99,True,evaluation,False,True,False
20260806,100,True,evaluation,False,True,False
20260806,101,True,evaluation,False,True,False
20260806,102,True,unused_after_eval_cap,False,False,True
20260806,103,True,rank_training,True,False,False
20260806,104,True,evaluation,False,True,False
20260806,105,True,evaluation,False,True,False
20260806,106,True,unused_after_eval_cap,False,False,True
20260806,107,True,rank_training,True,False,False
20260806,108,True,evaluation,False,True,False
20260806,109,True,evaluation,False,True,False
20260806,110,True,rank_training,True,False,False
20260806,111,True,evaluation,False,True,False
20260806,112,True,rank_training,True,False,False
20260806,113,True,evaluation,False,True,False
20260806,114,True,unused_after_eval_cap,False,False,True
20260806,115,True,evaluation,False,True,False
20260806,116,True,unused_after_eval_cap,False,False,True
20260806,117,True,evaluation,False,True,False
20260806,118,True,evaluation,False,True,False
20260806,120,True,evaluation,False,True,False
20260806,121,True,rank_training,True,False,False
20260806,122,True,evaluation,False,True,False
20260806,123,True,evaluation,False,True,False
20260806,124,True,evaluation,False,True,False
20260806,125,True,evaluation,False,True,False
20260806,126,True,evaluation,False,True,False
20260806,127,True,evaluation,False,True,False
20260806,128,True,rank_training,True,False,False
20260806,129,True,evaluation,False,True,False
20260806,130,True,evaluation,False,True,False
20260806,131,True,evaluation,False,True,False
20260806,132,True,unused_after_eval_cap,False,False,True
20260806,133,True,evaluation,False,True,False
20260806,134,True,evaluation,False,True,False
20260806,135,True,evaluation,False,True,False
20260806,136,True,rank_training,True,False,False
20260806,137,True,unused_after_eval_cap,False,False,True
20260806,138,True,evaluation,False,True,False
20260806,140,True,evaluation,False,True,False
20260806,141,True,evaluation,False,True,False
20260806,142,True,unused_after_eval_cap,False,False,True
20260806,143,True,rank_training,True,False,False
20260806,144,True,unused_after_eval_cap,False,False,True
20260806,145,True,rank_training,True,False,False
20260806,146,True,unused_after_eval_cap,False,False,True
20260806,147,True,rank_training,True,False,False
20260806,148,True,rank_training,True,False,False
20260806,149,True,unused_after_eval_cap,False,False,True
20260806,150,True,evaluation,False,True,False
20260806,151,True,evaluation,False,True,False
20260806,152,True,evaluation,False,True,False
20260806,153,True,evaluation,False,True,False
20260806,154,True,evaluation,False,True,False
20260806,155,True,rank_training,True,False,False
20260806,156,True,evaluation,False,True,False
20260806,157,True,evaluation,False,True,False
20260806,158,True,evaluation,False,True,False
20260806,159,True,rank_training,True,False,False
20260806,160,True,evaluation,False,True,False
20260806,161,True,rank_training,True,False,False
20260806,162,True,evaluation,False,True,False
20260806,163,True,evaluation,False,True,False
20260806,164,True,evaluation,False,True,False
20260806,165,True,evaluation,False,True,False
20260806,166,True,evaluation,False,True,False
20260806,167,True,evaluation,False,True,False
20260806,168,True,unused_after_eval_cap,False,False,True
20260806,169,True,evaluation,False,True,False
20260806,170,True,evaluation,False,True,False
20260806,171,True,evaluation,False,True,False
20260806,172,True,rank_training,True,False,False
20260806,173,True,evaluation,False,True,False
20260806,174,True,evaluation,False,True,False
20260806,175,True,evaluation,False,True,False
20260806,176,True,evaluation,False,True,False
20260806,177,True,rank_training,True,False,False
20260806,178,True,evaluation,False,True,False
20260806,179,True,evaluation,False,True,False
20260806,180,True,rank_training,True,False,False
20260806,181,True,evaluation,False,True,False
20260806,182,True,unused_after_eval_cap,False,False,True
20260806,183,True,evaluation,False,True,False
20260806,184,True,evaluation,False,True,False
20260806,185,True,evaluation,False,True,False
20260806,186,True,evaluation,False,True,False
20260806,187,True,evaluation,False,True,False
20260806,188,True,evaluation,False,True,False
20260806,189,True,evaluation,False,True,False
20260806,190,True,rank_training,True,False,False
20260806,191,True,evaluation,False,True,False
20260806,192,True,unused_after_eval_cap,False,False,True
20260806,193,True,evaluation,False,True,False
20260806,194,True,rank_training,True,False,False
20260806,195,True,rank_training,True,False,False
20260806,196,True,evaluation,False,True,False
20260806,197,True,rank_training,True,False,False
20260806,198,True,rank_training,True,False,False
20260806,199,True,evaluation,False,True,False
20260806,200,True,unused_after_eval_cap,False,False,True
20260806,201,True,evaluation,False,True,False
20260806,202,True,evaluation,False,True,False
20260806,203,True,rank_training,True,False,False
20260806,204,True,evaluation,False,True,False
20260806,205,True,evaluation,False,True,False
20260806,206,True,evaluation,False,True,False
20260806,207,True,evaluation,False,True,False
20260806,208,True,evaluation,False,True,False
20260806,209,True,evaluation,False,True,False
20260806,210,True,unused_after_eval_cap,False,False,True
20260806,211,True,evaluation,False,True,False
20260806,212,True,unused_after_eval_cap,False,False,True
20260806,213,True,rank_training,True,False,False
20260806,214,True,evaluation,False,True,False
20260806,215,True,unused_after_eval_cap,False,False,True
20260806,216,True,evaluation,False,True,False
20260806,217,True,unused_after_eval_cap,False,False,True
20260806,218,True,evaluation,False,True,False
20260806,219,True,rank_training,True,False,False
20260806,220,True,rank_training,True,False,False
20260806,221,True,rank_training,True,False,False
20260806,222,True,unused_after_eval_cap,False,False,True
20260806,223,True,unused_after_eval_cap,False,False,True
20260806,224,True,rank_training,True,False,False
20260806,225,True,evaluation,False,True,False
20260806,226,True,evaluation,False,True,False
20260806,227,True,evaluation,False,True,False
20260806,229,True,evaluation,False,True,False
20260806,230,True,unused_after_eval_cap,False,False,True
20260806,231,True,evaluation,False,True,False
20260806,232,True,evaluation,False,True,False
20260806,233,True,evaluation,False,True,False
20260806,235,True,evaluation,False,True,False
20260806,236,True,evaluation,False,True,False
20260806,237,True,rank_training,True,False,False
20260806,238,True,unused_after_eval_cap,False,False,True
20260806,239,True,evaluation,False,True,False
20260807,0,True,evaluation,False,True,False
20260807,1,True,evaluation,False,True,False
20260807,2,True,evaluation,False,True,False
20260807,3,True,evaluation,False,True,False
20260807,4,True,evaluation,False,True,False
20260807,5,True,evaluation,False,True,False
20260807,6,True,evaluation,False,True,False
20260807,7,True,evaluation,False,True,False
20260807,8,True,evaluation,False,True,False
20260807,9,True,evaluation,False,True,False
20260807,10,True,unused_after_eval_cap,False,False,True
20260807,11,True,evaluation,False,True,False
20260807,12,True,evaluation,False,True,False
20260807,13,True,rank_training,True,False,False
20260807,14,True,rank_training,True,False,False
20260807,15,True,evaluation,False,True,False
20260807,16,True,unused_after_eval_cap,False,False,True
20260807,17,True,unused_after_eval_cap,False,False,True
20260807,18,True,rank_training,True,False,False
20260807,19,True,evaluation,False,True,False
20260807,20,True,evaluation,False,True,False
20260807,21,True,rank_training,True,False,False
20260807,22,True,evaluation,False,True,False
20260807,23,True,unused_after_eval_cap,False,False,True
20260807,24,True,unused_after_eval_cap,False,False,True
20260807,25,True,evaluation,False,True,False
20260807,26,True,evaluation,False,True,False
20260807,27,True,evaluation,False,True,False
20260807,28,True,rank_training,True,False,False
20260807,29,True,rank_training,True,False,False
20260807,30,True,unused_after_eval_cap,False,False,True
20260807,31,True,evaluation,False,True,False
20260807,32,True,unused_after_eval_cap,False,False,True
20260807,34,True,unused_after_eval_cap,False,False,True
20260807,35,True,rank_training,True,False,False
20260807,36,True,evaluation,False,True,False
20260807,37,True,rank_training,True,False,False
20260807,38,True,evaluation,False,True,False
20260807,39,True,unused_after_eval_cap,False,False,True
20260807,40,True,evaluation,False,True,False
20260807,41,True,unused_after_eval_cap,False,False,True
20260807,42,True,evaluation,False,True,False
20260807,43,True,evaluation,False,True,False
20260807,44,True,rank_training,True,False,False
20260807,45,True,evaluation,False,True,False
20260807,46,True,evaluation,False,True,False
20260807,47,True,unused_after_eval_cap,False,False,True
20260807,48,True,evaluation,False,True,False
20260807,49,True,evaluation,False,True,False
20260807,50,True,evaluation,False,True,False
20260807,51,True,evaluation,False,True,False
20260807,52,True,evaluation,False,True,False
20260807,53,True,rank_training,True,False,False
20260807,54,True,rank_training,True,False,False
20260807,55,True,unused_after_eval_cap,False,False,True
20260807,56,True,evaluation,False,True,False
20260807,57,True,evaluation,False,True,False
20260807,58,True,evaluation,False,True,False
20260807,59,True,rank_training,True,False,False
20260807,60,True,evaluation,False,True,False
20260807,61,True,evaluation,False,True,False
20260807,62,True,evaluation,False,True,False
20260807,63,True,evaluation,False,True,False
20260807,64,True,evaluation,False,True,False
20260807,65,True,unused_after_eval_cap,False,False,True
20260807,66,True,evaluation,False,True,False
20260807,67,True,rank_training,True,False,False
20260807,68,True,evaluation,False,True,False
20260807,69,True,evaluation,False,True,False
20260807,71,True,evaluation,False,True,False
20260807,72,True,evaluation,False,True,False
20260807,73,True,rank_training,True,False,False
20260807,74,True,rank_training,True,False,False
20260807,75,True,evaluation,False,True,False
20260807,76,True,evaluation,False,True,False
20260807,77,True,evaluation,False,True,False
20260807,78,True,rank_training,True,False,False
20260807,79,True,evaluation,False,True,False
20260807,80,True,evaluation,False,True,False
20260807,81,True,unused_after_eval_cap,False,False,True
20260807,82,True,evaluation,False,True,False
20260807,83,True,evaluation,False,True,False
20260807,84,True,evaluation,False,True,False
20260807,85,True,evaluation,False,True,False
20260807,86,True,evaluation,False,True,False
20260807,87,True,evaluation,False,True,False
20260807,88,True,evaluation,False,True,False
20260807,89,True,evaluation,False,True,False
20260807,90,True,unused_after_eval_cap,False,False,True
20260807,91,True,evaluation,False,True,False
20260807,92,True,unused_after_eval_cap,False,False,True
20260807,93,True,unused_after_eval_cap,False,False,True
20260807,94,True,unused_after_eval_cap,False,False,True
20260807,95,True,evaluation,False,True,False
20260807,96,True,rank_training,True,False,False
20260807,97,True,rank_training,True,False,False
20260807,98,True,evaluation,False,True,False
20260807,99,True,evaluation,False,True,False
20260807,100,True,rank_training,True,False,False
20260807,101,True,evaluation,False,True,False
20260807,102,True,evaluation,False,True,False
20260807,103,True,evaluation,False,True,False
20260807,104,True,evaluation,False,True,False
20260807,105,True,evaluation,False,True,False
20260807,106,True,evaluation,False,True,False
20260807,107,True,evaluation,False,True,False
20260807,108,True,evaluation,False,True,False
20260807,109,True,evaluation,False,True,False
20260807,110,True,evaluation,False,True,False
20260807,111,True,evaluation,False,True,False
20260807,112,True,evaluation,False,True,False
20260807,113,True,evaluation,False,True,False
20260807,115,True,evaluation,False,True,False
20260807,116,True,evaluation,False,True,False
20260807,117,True,evaluation,False,True,False
20260807,118,True,evaluation,False,True,False
20260807,119,True,evaluation,False,True,False
20260807,120,True,unused_after_eval_cap,False,False,True
20260807,121,True,evaluation,False,True,False
20260807,122,True,evaluation,False,True,False
20260807,123,True,evaluation,False,True,False
20260807,124,True,rank_training,True,False,False
20260807,125,True,evaluation,False,True,False
20260807,126,True,unused_after_eval_cap,False,False,True
20260807,127,True,rank_training,True,False,False
20260807,128,True,evaluation,False,True,False
20260807,129,True,evaluation,False,True,False
20260807,131,True,unused_after_eval_cap,False,False,True
20260807,132,True,rank_training,True,False,False
20260807,133,True,rank_training,True,False,False
20260807,134,True,unused_after_eval_cap,False,False,True
20260807,135,True,evaluation,False,True,False
20260807,136,True,unused_after_eval_cap,False,False,True
20260807,137,True,rank_training,True,False,False
20260807,138,True,rank_training,True,False,False
20260807,139,True,evaluation,False,True,False
20260807,140,True,unused_after_eval_cap,False,False,True
20260807,141,True,evaluation,False,True,False
20260807,142,True,evaluation,False,True,False
20260807,143,True,evaluation,False,True,False
20260807,144,True,evaluation,False,True,False
20260807,145,True,evaluation,False,True,False
20260807,146,True,evaluation,False,True,False
20260807,147,True,evaluation,False,True,False
20260807,148,True,evaluation,False,True,False
20260807,149,True,evaluation,False,True,False
20260807,150,True,evaluation,False,True,False
20260807,151,True,evaluation,False,True,False
20260807,152,True,evaluation,False,True,False
20260807,153,True,evaluation,False,True,False
20260807,154,True,rank_training,True,False,False
20260807,155,True,evaluation,False,True,False
20260807,156,True,rank_training,True,False,False
20260807,157,True,unused_after_eval_cap,False,False,True
20260807,158,True,rank_training,True,False,False
20260807,159,True,evaluation,False,True,False
20260807,160,True,evaluation,False,True,False
20260807,161,True,unused_after_eval_cap,False,False,True
20260807,162,True,rank_training,True,False,False
20260807,163,True,unused_after_eval_cap,False,False,True
20260807,164,True,rank_training,True,False,False
20260807,165,True,unused_after_eval_cap,False,False,True
20260807,166,True,evaluation,False,True,False
20260807,167,True,rank_training,True,False,False
20260807,168,True,evaluation,False,True,False
20260807,169,True,evaluation,False,True,False
20260807,170,True,evaluation,False,True,False
20260807,171,True,evaluation,False,True,False
20260807,172,True,evaluation,False,True,False
20260807,173,True,unused_after_eval_cap,False,False,True
20260807,174,True,evaluation,False,True,False
20260807,175,True,evaluation,False,True,False
20260807,176,True,unused_after_eval_cap,False,False,True
20260807,177,True,evaluation,False,True,False
20260807,178,True,unused_after_eval_cap,False,False,True
20260807,179,True,evaluation,False,True,False
20260807,180,True,evaluation,False,True,False
20260807,181,True,unused_after_eval_cap,False,False,True
20260807,182,True,evaluation,False,True,False
20260807,183,True,evaluation,False,True,False
20260807,184,True,evaluation,False,True,False
20260807,185,True,unused_after_eval_cap,False,False,True
20260807,186,True,evaluation,False,True,False
20260807,187,True,evaluation,False,True,False
20260807,188,True,unused_after_eval_cap,False,False,True
20260807,189,True,unused_after_eval_cap,False,False,True
20260807,190,True,rank_training,True,False,False
20260807,191,True,rank_training,True,False,False
20260807,192,True,evaluation,False,True,False
20260807,193,True,unused_after_eval_cap,False,False,True
20260807,194,True,unused_after_eval_cap,False,False,True
20260807,195,True,evaluation,False,True,False
20260807,196,True,evaluation,False,True,False
20260807,197,True,evaluation,False,True,False
20260807,198,True,unused_after_eval_cap,False,False,True
20260807,199,True,evaluation,False,True,False
20260807,200,True,evaluation,False,True,False
20260807,201,True,rank_training,True,False,False
20260807,203,True,evaluation,False,True,False
20260807,204,True,rank_training,True,False,False
20260807,205,True,unused_after_eval_cap,False,False,True
20260807,206,True,evaluation,False,True,False
20260807,207,True,evaluation,False,True,False
20260807,208,True,rank_training,True,False,False
20260807,209,True,evaluation,False,True,False
20260807,210,True,evaluation,False,True,False
20260807,211,True,evaluation,False,True,False
20260807,212,True,rank_training,True,False,False
20260807,213,True,unused_after_eval_cap,False,False,True
20260807,214,True,evaluation,False,True,False
20260807,215,True,unused_after_eval_cap,False,False,True
20260807,216,True,unused_after_eval_cap,False,False,True
20260807,217,True,rank_training,True,False,False
20260807,218,True,unused_after_eval_cap,False,False,True
20260807,219,True,evaluation,False,True,False
20260807,220,True,evaluation,False,True,False
20260807,221,True,evaluation,False,True,False
20260807,222,True,evaluation,False,True,False
20260807,223,True,rank_training,True,False,False
20260807,224,True,evaluation,False,True,False
20260807,225,True,evaluation,False,True,False
20260807,226,True,evaluation,False,True,False
20260807,227,True,evaluation,False,True,False
20260807,228,True,evaluation,False,True,False
20260807,229,True,rank_training,True,False,False
20260807,230,True,evaluation,False,True,False
20260807,231,True,evaluation,False,True,False
20260807,232,True,unused_after_eval_cap,False,False,True
20260807,233,True,evaluation,False,True,False
20260807,234,True,evaluation,False,True,False
20260807,235,True,evaluation,False,True,False
20260807,236,True,unused_after_eval_cap,False,False,True
20260807,237,True,evaluation,False,True,False
20260807,238,True,evaluation,False,True,False
20260807,239,True,evaluation,False,True,False
20260808,0,True,unused_after_eval_cap,False,False,True
20260808,1,True,evaluation,False,True,False
20260808,2,True,evaluation,False,True,False
20260808,3,True,evaluation,False,True,False
20260808,4,True,evaluation,False,True,False
20260808,5,True,evaluation,False,True,False
20260808,6,True,evaluation,False,True,False
20260808,7,True,rank_training,True,False,False
20260808,8,True,evaluation,False,True,False
20260808,9,True,evaluation,False,True,False
20260808,10,True,rank_training,True,False,False
20260808,11,True,evaluation,False,True,False
20260808,12,True,evaluation,False,True,False
20260808,13,True,unused_after_eval_cap,False,False,True
20260808,14,True,rank_training,True,False,False
20260808,15,True,unused_after_eval_cap,False,False,True
20260808,16,True,unused_after_eval_cap,False,False,True
20260808,17,True,unused_after_eval_cap,False,False,True
20260808,18,True,evaluation,False,True,False
20260808,19,True,rank_training,True,False,False
20260808,20,True,rank_training,True,False,False
20260808,21,True,evaluation,False,True,False
20260808,22,True,evaluation,False,True,False
20260808,23,True,evaluation,False,True,False
20260808,24,True,unused_after_eval_cap,False,False,True
20260808,25,True,evaluation,False,True,False
20260808,26,True,evaluation,False,True,False
20260808,27,True,evaluation,False,True,False
20260808,28,True,evaluation,False,True,False
20260808,29,True,evaluation,False,True,False
20260808,30,True,evaluation,False,True,False
20260808,31,True,evaluation,False,True,False
20260808,32,True,evaluation,False,True,False
20260808,33,True,evaluation,False,True,False
20260808,34,True,rank_training,True,False,False
20260808,35,True,evaluation,False,True,False
20260808,36,True,evaluation,False,True,False
20260808,37,True,unused_after_eval_cap,False,False,True
20260808,38,True,evaluation,False,True,False
20260808,39,True,evaluation,False,True,False
20260808,40,True,evaluation,False,True,False
20260808,41,True,evaluation,False,True,False
20260808,42,True,evaluation,False,True,False
20260808,43,True,evaluation,False,True,False
20260808,44,True,evaluation,False,True,False
20260808,45,True,evaluation,False,True,False
20260808,46,True,evaluation,False,True,False
20260808,47,True,evaluation,False,True,False
20260808,48,True,unused_after_eval_cap,False,False,True
20260808,49,True,evaluation,False,True,False
20260808,50,True,evaluation,False,True,False
20260808,51,True,evaluation,False,True,False
20260808,52,True,evaluation,False,True,False
20260808,53,True,evaluation,False,True,False
20260808,54,True,unused_after_eval_cap,False,False,True
20260808,55,True,evaluation,False,True,False
20260808,56,True,evaluation,False,True,False
20260808,57,True,evaluation,False,True,False
20260808,58,True,rank_training,True,False,False
20260808,59,True,evaluation,False,True,False
20260808,61,True,unused_after_eval_cap,False,False,True
20260808,62,True,evaluation,False,True,False
20260808,63,True,unused_after_eval_cap,False,False,True
20260808,65,True,evaluation,False,True,False
20260808,66,True,evaluation,False,True,False
20260808,67,True,evaluation,False,True,False
20260808,68,True,rank_training,True,False,False
20260808,69,True,evaluation,False,True,False
20260808,70,True,rank_training,True,False,False
20260808,71,True,evaluation,False,True,False
20260808,72,True,evaluation,False,True,False
20260808,73,True,evaluation,False,True,False
20260808,74,True,evaluation,False,True,False
20260808,75,True,rank_training,True,False,False
20260808,76,True,evaluation,False,True,False
20260808,77,True,unused_after_eval_cap,False,False,True
20260808,78,True,evaluation,False,True,False
20260808,79,True,evaluation,False,True,False
20260808,80,True,evaluation,False,True,False
20260808,81,True,evaluation,False,True,False
20260808,82,True,rank_training,True,False,False
20260808,83,True,evaluation,False,True,False
20260808,85,True,evaluation,False,True,False
20260808,87,True,evaluation,False,True,False
20260808,88,True,unused_after_eval_cap,False,False,True
20260808,89,True,evaluation,False,True,False
20260808,91,True,evaluation,False,True,False
20260808,92,True,evaluation,False,True,False
20260808,93,True,evaluation,False,True,False
20260808,94,True,rank_training,True,False,False
20260808,95,True,evaluation,False,True,False
20260808,96,True,evaluation,False,True,False
20260808,97,True,evaluation,False,True,False
20260808,98,True,evaluation,False,True,False
20260808,99,True,rank_training,True,False,False
20260808,100,True,evaluation,False,True,False
20260808,101,True,evaluation,False,True,False
20260808,102,True,evaluation,False,True,False
20260808,103,True,rank_training,True,False,False
20260808,104,True,evaluation,False,True,False
20260808,105,True,evaluation,False,True,False
20260808,106,True,rank_training,True,False,False
20260808,107,True,evaluation,False,True,False
20260808,108,True,evaluation,False,True,False
20260808,109,True,evaluation,False,True,False
20260808,110,True,unused_after_eval_cap,False,False,True
20260808,111,True,unused_after_eval_cap,False,False,True
20260808,112,True,rank_training,True,False,False
20260808,113,True,evaluation,False,True,False
20260808,114,True,unused_after_eval_cap,False,False,True
20260808,115,True,evaluation,False,True,False
20260808,116,True,evaluation,False,True,False
20260808,117,True,unused_after_eval_cap,False,False,True
20260808,118,True,unused_after_eval_cap,False,False,True
20260808,119,True,unused_after_eval_cap,False,False,True
20260808,120,True,evaluation,False,True,False
20260808,121,True,evaluation,False,True,False
20260808,122,True,evaluation,False,True,False
20260808,123,True,rank_training,True,False,False
20260808,124,True,rank_training,True,False,False
20260808,125,True,evaluation,False,True,False
20260808,126,True,unused_after_eval_cap,False,False,True
20260808,127,True,evaluation,False,True,False
20260808,128,True,evaluation,False,True,False
20260808,129,True,evaluation,False,True,False
20260808,130,True,evaluation,False,True,False
20260808,131,True,rank_training,True,False,False
20260808,132,True,evaluation,False,True,False
20260808,134,True,unused_after_eval_cap,False,False,True
20260808,135,True,evaluation,False,True,False
20260808,136,True,rank_training,True,False,False
20260808,137,True,evaluation,False,True,False
20260808,138,True,unused_after_eval_cap,False,False,True
20260808,139,True,evaluation,False,True,False
20260808,140,True,evaluation,False,True,False
20260808,141,True,evaluation,False,True,False
20260808,142,True,evaluation,False,True,False
20260808,143,True,evaluation,False,True,False
20260808,144,True,rank_training,True,False,False
20260808,145,True,evaluation,False,True,False
20260808,146,True,evaluation,False,True,False
20260808,147,True,unused_after_eval_cap,False,False,True
20260808,148,True,evaluation,False,True,False
20260808,149,True,evaluation,False,True,False
20260808,150,True,evaluation,False,True,False
20260808,151,True,evaluation,False,True,False
20260808,152,True,evaluation,False,True,False
20260808,153,True,evaluation,False,True,False
20260808,154,True,evaluation,False,True,False
20260808,155,True,evaluation,False,True,False
20260808,156,True,rank_training,True,False,False
20260808,157,True,evaluation,False,True,False
20260808,159,True,rank_training,True,False,False
20260808,160,True,evaluation,False,True,False
20260808,161,True,evaluation,False,True,False
20260808,162,True,evaluation,False,True,False
20260808,163,True,evaluation,False,True,False
20260808,164,True,evaluation,False,True,False
20260808,165,True,unused_after_eval_cap,False,False,True
20260808,166,True,evaluation,False,True,False
20260808,167,True,rank_training,True,False,False
20260808,168,True,unused_after_eval_cap,False,False,True
20260808,169,True,evaluation,False,True,False
20260808,170,True,rank_training,True,False,False
20260808,171,True,rank_training,True,False,False
20260808,172,True,evaluation,False,True,False
20260808,173,True,unused_after_eval_cap,False,False,True
20260808,174,True,rank_training,True,False,False
20260808,175,True,evaluation,False,True,False
20260808,176,True,rank_training,True,False,False
20260808,177,True,rank_training,True,False,False
20260808,178,True,unused_after_eval_cap,False,False,True
20260808,179,True,evaluation,False,True,False
20260808,180,True,unused_after_eval_cap,False,False,True
20260808,181,True,unused_after_eval_cap,False,False,True
20260808,182,True,evaluation,False,True,False
20260808,183,True,evaluation,False,True,False
20260808,184,True,evaluation,False,True,False
20260808,185,True,rank_training,True,False,False
20260808,186,True,evaluation,False,True,False
20260808,187,True,evaluation,False,True,False
20260808,188,True,evaluation,False,True,False
20260808,189,True,unused_after_eval_cap,False,False,True
20260808,190,True,evaluation,False,True,False
20260808,191,True,evaluation,False,True,False
20260808,192,True,evaluation,False,True,False
20260808,193,True,rank_training,True,False,False
20260808,194,True,evaluation,False,True,False
20260808,195,True,evaluation,False,True,False
20260808,196,True,rank_training,True,False,False
20260808,197,True,evaluation,False,True,False
20260808,198,True,evaluation,False,True,False
20260808,199,True,evaluation,False,True,False
20260808,200,True,rank_training,True,False,False
20260808,201,True,rank_training,True,False,False
20260808,202,True,evaluation,False,True,False
20260808,203,True,unused_after_eval_cap,False,False,True
20260808,204,True,unused_after_eval_cap,False,False,True
20260808,205,True,evaluation,False,True,False
20260808,206,True,evaluation,False,True,False
20260808,207,True,evaluation,False,True,False
20260808,208,True,rank_training,True,False,False
20260808,209,True,unused_after_eval_cap,False,False,True
20260808,210,True,unused_after_eval_cap,False,False,True
20260808,211,True,evaluation,False,True,False
20260808,212,True,evaluation,False,True,False
20260808,213,True,unused_after_eval_cap,False,False,True
20260808,214,True,evaluation,False,True,False
20260808,215,True,unused_after_eval_cap,False,False,True
20260808,216,True,evaluation,False,True,False
20260808,217,True,unused_after_eval_cap,False,False,True
20260808,219,True,evaluation,False,True,False
20260808,220,True,evaluation,False,True,False
20260808,221,True,evaluation,False,True,False
20260808,222,True,evaluation,False,True,False
20260808,223,True,evaluation,False,True,False
20260808,224,True,unused_after_eval_cap,False,False,True
20260808,225,True,rank_training,True,False,False
20260808,226,True,unused_after_eval_cap,False,False,True
20260808,227,True,evaluation,False,True,False
20260808,229,True,unused_after_eval_cap,False,False,True
20260808,230,True,rank_training,True,False,False
20260808,231,True,rank_training,True,False,False
20260808,232,True,evaluation,False,True,False
20260808,233,True,rank_training,True,False,False
20260808,234,True,evaluation,False,True,False
20260808,235,True,rank_training,True,False,False
20260808,236,True,evaluation,False,True,False
20260808,237,True,evaluation,False,True,False
20260808,238,True,unused_after_eval_cap,False,False,True
20260808,239,True,evaluation,False,True,False
20260809,0,True,evaluation,False,True,False
20260809,1,True,unused_after_eval_cap,False,False,True
20260809,2,True,evaluation,False,True,False
20260809,3,True,unused_after_eval_cap,False,False,True
20260809,5,True,evaluation,False,True,False
20260809,6,True,evaluation,False,True,False
20260809,7,True,evaluation,False,True,False
20260809,8,True,evaluation,False,True,False
20260809,9,True,evaluation,False,True,False
20260809,10,True,unused_after_eval_cap,False,False,True
20260809,11,True,rank_training,True,False,False
20260809,12,True,unused_after_eval_cap,False,False,True
20260809,13,True,rank_training,True,False,False
20260809,14,True,evaluation,False,True,False
20260809,15,True,rank_training,True,False,False
20260809,16,True,evaluation,False,True,False
20260809,17,True,rank_training,True,False,False
20260809,18,True,evaluation,False,True,False
20260809,19,True,evaluation,False,True,False
20260809,20,True,evaluation,False,True,False
20260809,21,True,unused_after_eval_cap,False,False,True
20260809,22,True,evaluation,False,True,False
20260809,23,True,evaluation,False,True,False
20260809,24,True,unused_after_eval_cap,False,False,True
20260809,25,True,unused_after_eval_cap,False,False,True
20260809,26,True,evaluation,False,True,False
20260809,27,True,evaluation,False,True,False
20260809,28,True,evaluation,False,True,False
20260809,29,True,evaluation,False,True,False
20260809,30,True,unused_after_eval_cap,False,False,True
20260809,31,True,evaluation,False,True,False
20260809,32,True,evaluation,False,True,False
20260809,33,True,evaluation,False,True,False
20260809,34,True,unused_after_eval_cap,False,False,True
20260809,35,True,evaluation,False,True,False
20260809,36,True,unused_after_eval_cap,False,False,True
20260809,37,True,rank_training,True,False,False
20260809,38,True,evaluation,False,True,False
20260809,39,True,evaluation,False,True,False
20260809,40,True,evaluation,False,True,False
20260809,41,True,evaluation,False,True,False
20260809,42,True,evaluation,False,True,False
20260809,43,True,unused_after_eval_cap,False,False,True
20260809,44,True,evaluation,False,True,False
20260809,45,True,evaluation,False,True,False
20260809,46,True,evaluation,False,True,False
20260809,47,True,evaluation,False,True,False
20260809,48,True,evaluation,False,True,False
20260809,49,True,evaluation,False,True,False
20260809,50,True,evaluation,False,True,False
20260809,51,True,evaluation,False,True,False
20260809,52,True,rank_training,True,False,False
20260809,53,True,evaluation,False,True,False
20260809,54,True,unused_after_eval_cap,False,False,True
20260809,55,True,evaluation,False,True,False
20260809,56,True,unused_after_eval_cap,False,False,True
20260809,57,True,evaluation,False,True,False
20260809,58,True,unused_after_eval_cap,False,False,True
20260809,59,True,evaluation,False,True,False
20260809,60,True,evaluation,False,True,False
20260809,61,True,evaluation,False,True,False
20260809,62,True,evaluation,False,True,False
20260809,63,True,evaluation,False,True,False
20260809,64,True,rank_training,True,False,False
20260809,65,True,evaluation,False,True,False
20260809,66,True,evaluation,False,True,False
20260809,67,True,rank_training,True,False,False
20260809,68,True,evaluation,False,True,False
20260809,69,True,unused_after_eval_cap,False,False,True
20260809,70,True,evaluation,False,True,False
20260809,71,True,evaluation,False,True,False
20260809,72,True,evaluation,False,True,False
20260809,73,True,evaluation,False,True,False
20260809,74,True,unused_after_eval_cap,False,False,True
20260809,75,True,evaluation,False,True,False
20260809,76,True,evaluation,False,True,False
20260809,77,True,evaluation,False,True,False
20260809,78,True,rank_training,True,False,False
20260809,79,True,evaluation,False,True,False
20260809,80,True,evaluation,False,True,False
20260809,81,True,unused_after_eval_cap,False,False,True
20260809,82,True,evaluation,False,True,False
20260809,83,True,evaluation,False,True,False
20260809,84,True,evaluation,False,True,False
20260809,85,True,unused_after_eval_cap,False,False,True
20260809,86,True,evaluation,False,True,False
20260809,87,True,evaluation,False,True,False
20260809,88,True,evaluation,False,True,False
20260809,89,True,evaluation,False,True,False
20260809,90,True,evaluation,False,True,False
20260809,91,True,rank_training,True,False,False
20260809,92,True,evaluation,False,True,False
20260809,93,True,evaluation,False,True,False
20260809,94,True,unused_after_eval_cap,False,False,True
20260809,95,True,unused_after_eval_cap,False,False,True
20260809,96,True,evaluation,False,True,False
20260809,97,True,evaluation,False,True,False
20260809,98,True,evaluation,False,True,False
20260809,99,True,evaluation,False,True,False
20260809,100,True,rank_training,True,False,False
20260809,101,True,unused_after_eval_cap,False,False,True
20260809,102,True,evaluation,False,True,False
20260809,104,True,evaluation,False,True,False
20260809,105,True,evaluation,False,True,False
20260809,106,True,evaluation,False,True,False
20260809,107,True,unused_after_eval_cap,False,False,True
20260809,108,True,evaluation,False,True,False
20260809,109,True,rank_training,True,False,False
20260809,110,True,unused_after_eval_cap,False,False,True
20260809,111,True,unused_after_eval_cap,False,False,True
20260809,112,True,evaluation,False,True,False
20260809,113,True,evaluation,False,True,False
20260809,114,True,rank_training,True,False,False
20260809,115,True,evaluation,False,True,False
20260809,116,True,evaluation,False,True,False
20260809,117,True,evaluation,False,True,False
20260809,118,True,rank_training,True,False,False
20260809,119,True,evaluation,False,True,False
20260809,120,True,evaluation,False,True,False
20260809,121,True,evaluation,False,True,False
20260809,122,True,rank_training,True,False,False
20260809,123,True,rank_training,True,False,False
20260809,124,True,evaluation,False,True,False
20260809,125,True,unused_after_eval_cap,False,False,True
20260809,126,True,evaluation,False,True,False
20260809,127,True,rank_training,True,False,False
20260809,128,True,evaluation,False,True,False
20260809,129,True,rank_training,True,False,False
20260809,130,True,evaluation,False,True,False
20260809,131,True,evaluation,False,True,False
20260809,132,True,evaluation,False,True,False
20260809,133,True,rank_training,True,False,False
20260809,134,True,rank_training,True,False,False
20260809,135,True,evaluation,False,True,False
20260809,136,True,evaluation,False,True,False
20260809,137,True,evaluation,False,True,False
20260809,138,True,evaluation,False,True,False
20260809,139,True,evaluation,False,True,False
20260809,140,True,evaluation,False,True,False
20260809,141,True,rank_training,True,False,False
20260809,142,True,rank_training,True,False,False
20260809,143,True,evaluation,False,True,False
20260809,144,True,evaluation,False,True,False
20260809,145,True,rank_training,True,False,False
20260809,146,True,rank_training,True,False,False
20260809,147,True,rank_training,True,False,False
20260809,148,True,evaluation,False,True,False
20260809,149,True,unused_after_eval_cap,False,False,True
20260809,151,True,evaluation,False,True,False
20260809,152,True,evaluation,False,True,False
20260809,153,True,evaluation,False,True,False
20260809,154,True,rank_training,True,False,False
20260809,155,True,unused_after_eval_cap,False,False,True
20260809,156,True,unused_after_eval_cap,False,False,True
20260809,157,True,rank_training,True,False,False
20260809,158,True,evaluation,False,True,False
20260809,159,True,unused_after_eval_cap,False,False,True
20260809,160,True,rank_training,True,False,False
20260809,161,True,unused_after_eval_cap,False,False,True
20260809,163,True,evaluation,False,True,False
20260809,164,True,evaluation,False,True,False
20260809,165,True,evaluation,False,True,False
20260809,166,True,unused_after_eval_cap,False,False,True
20260809,167,True,evaluation,False,True,False
20260809,168,True,unused_after_eval_cap,False,False,True
20260809,169,True,rank_training,True,False,False
20260809,170,True,rank_training,True,False,False
20260809,171,True,evaluation,False,True,False
20260809,172,True,unused_after_eval_cap,False,False,True
20260809,173,True,rank_training,True,False,False
20260809,174,True,unused_after_eval_cap,False,False,True
20260809,175,True,evaluation,False,True,False
20260809,176,True,evaluation,False,True,False
20260809,177,True,evaluation,False,True,False
20260809,178,True,unused_after_eval_cap,False,False,True
20260809,179,True,evaluation,False,True,False
20260809,180,True,evaluation,False,True,False
20260809,181,True,rank_training,True,False,False
20260809,182,True,evaluation,False,True,False
20260809,183,True,rank_training,True,False,False
20260809,184,True,evaluation,False,True,False
20260809,185,True,evaluation,False,True,False
20260809,186,True,evaluation,False,True,False
20260809,187,True,evaluation,False,True,False
20260809,188,True,rank_training,True,False,False
20260809,189,True,evaluation,False,True,False
20260809,190,True,rank_training,True,False,False
20260809,191,True,rank_training,True,False,False
20260809,192,True,rank_training,True,False,False
20260809,193,True,evaluation,False,True,False
20260809,194,True,unused_after_eval_cap,False,False,True
20260809,195,True,evaluation,False,True,False
20260809,196,True,unused_after_eval_cap,False,False,True
20260809,197,True,evaluation,False,True,False
20260809,198,True,evaluation,False,True,False
20260809,199,True,rank_training,True,False,False
20260809,200,True,evaluation,False,True,False
20260809,201,True,evaluation,False,True,False
20260809,202,True,evaluation,False,True,False
20260809,203,True,unused_after_eval_cap,False,False,True
20260809,204,True,evaluation,False,True,False
20260809,205,True,unused_after_eval_cap,False,False,True
20260809,206,True,evaluation,False,True,False
20260809,207,True,evaluation,False,True,False
20260809,208,True,evaluation,False,True,False
20260809,210,True,evaluation,False,True,False
20260809,211,True,evaluation,False,True,False
20260809,212,True,evaluation,False,True,False
20260809,213,True,evaluation,False,True,False
20260809,214,True,evaluation,False,True,False
20260809,215,True,rank_training,True,False,False
20260809,216,True,evaluation,False,True,False
20260809,217,True,evaluation,False,True,False
20260809,218,True,evaluation,False,True,False
20260809,219,True,evaluation,False,True,False
20260809,220,True,evaluation,False,True,False
20260809,221,True,evaluation,False,True,False
20260809,222,True,evaluation,False,True,False
20260809,223,True,unused_after_eval_cap,False,False,True
20260809,224,True,rank_training,True,False,False
20260809,225,True,unused_after_eval_cap,False,False,True
20260809,226,True,evaluation,False,True,False
20260809,227,True,evaluation,False,True,False
20260809,228,True,evaluation,False,True,False
20260809,229,True,evaluation,False,True,False
20260809,230,True,unused_after_eval_cap,False,False,True
20260809,232,True,unused_after_eval_cap,False,False,True
20260809,233,True,evaluation,False,True,False
20260809,234,True,evaluation,False,True,False
20260809,235,True,evaluation,False,True,False
20260809,236,True,unused_after_eval_cap,False,False,True
20260809,237,True,evaluation,False,True,False
20260809,238,True,evaluation,False,True,False
20260809,239,True,evaluation,False,True,False
20260810,0,True,evaluation,False,True,False
20260810,1,True,evaluation,False,True,False
20260810,2,True,rank_training,True,False,False
20260810,3,True,evaluation,False,True,False
20260810,4,True,evaluation,False,True,False
20260810,5,True,unused_after_eval_cap,False,False,True
20260810,6,True,rank_training,True,False,False
20260810,7,True,evaluation,False,True,False
20260810,8,True,evaluation,False,True,False
20260810,9,True,unused_after_eval_cap,False,False,True
20260810,10,True,evaluation,False,True,False
20260810,11,True,unused_after_eval_cap,False,False,True
20260810,12,True,evaluation,False,True,False
20260810,13,True,evaluation,False,True,False
20260810,14,True,evaluation,False,True,False
20260810,15,True,rank_training,True,False,False
20260810,16,True,evaluation,False,True,False
20260810,17,True,unused_after_eval_cap,False,False,True
20260810,18,True,evaluation,False,True,False
20260810,19,True,evaluation,False,True,False
20260810,20,True,evaluation,False,True,False
20260810,21,True,unused_after_eval_cap,False,False,True
20260810,22,True,evaluation,False,True,False
20260810,23,True,evaluation,False,True,False
20260810,24,True,evaluation,False,True,False
20260810,25,True,evaluation,False,True,False
20260810,26,True,evaluation,False,True,False
20260810,27,True,evaluation,False,True,False
20260810,28,True,evaluation,False,True,False
20260810,29,True,evaluation,False,True,False
20260810,31,True,evaluation,False,True,False
20260810,32,True,evaluation,False,True,False
20260810,33,True,evaluation,False,True,False
20260810,34,True,evaluation,False,True,False
20260810,37,True,evaluation,False,True,False
20260810,38,True,evaluation,False,True,False
20260810,39,True,unused_after_eval_cap,False,False,True
20260810,40,True,unused_after_eval_cap,False,False,True
20260810,41,True,evaluation,False,True,False
20260810,42,True,rank_training,True,False,False
20260810,43,True,rank_training,True,False,False
20260810,44,True,evaluation,False,True,False
20260810,45,True,evaluation,False,True,False
20260810,46,True,evaluation,False,True,False
20260810,47,True,rank_training,True,False,False
20260810,48,True,evaluation,False,True,False
20260810,49,True,evaluation,False,True,False
20260810,50,True,evaluation,False,True,False
20260810,51,True,evaluation,False,True,False
20260810,52,True,evaluation,False,True,False
20260810,53,True,evaluation,False,True,False
20260810,54,True,unused_after_eval_cap,False,False,True
20260810,55,True,evaluation,False,True,False
20260810,56,True,evaluation,False,True,False
20260810,57,True,evaluation,False,True,False
20260810,58,True,unused_after_eval_cap,False,False,True
20260810,59,True,evaluation,False,True,False
20260810,60,True,rank_training,True,False,False
20260810,61,True,evaluation,False,True,False
20260810,62,True,evaluation,False,True,False
20260810,63,True,rank_training,True,False,False
20260810,64,True,unused_after_eval_cap,False,False,True
20260810,65,True,evaluation,False,True,False
20260810,66,True,unused_after_eval_cap,False,False,True
20260810,67,True,evaluation,False,True,False
20260810,68,True,evaluation,False,True,False
20260810,69,True,evaluation,False,True,False
20260810,70,True,unused_after_eval_cap,False,False,True
20260810,71,True,rank_training,True,False,False
20260810,73,True,rank_training,True,False,False
20260810,75,True,rank_training,True,False,False
20260810,76,True,evaluation,False,True,False
20260810,77,True,evaluation,False,True,False
20260810,78,True,evaluation,False,True,False
20260810,79,True,unused_after_eval_cap,False,False,True
20260810,80,True,unused_after_eval_cap,False,False,True
20260810,81,True,evaluation,False,True,False
20260810,82,True,unused_after_eval_cap,False,False,True
20260810,83,True,rank_training,True,False,False
20260810,84,True,unused_after_eval_cap,False,False,True
20260810,85,True,evaluation,False,True,False
20260810,86,True,evaluation,False,True,False
20260810,87,True,unused_after_eval_cap,False,False,True
20260810,88,True,evaluation,False,True,False
20260810,89,True,evaluation,False,True,False
20260810,90,True,unused_after_eval_cap,False,False,True
20260810,91,True,evaluation,False,True,False
20260810,92,True,evaluation,False,True,False
20260810,93,True,evaluation,False,True,False
20260810,94,True,evaluation,False,True,False
20260810,95,True,evaluation,False,True,False
20260810,96,True,evaluation,False,True,False
20260810,97,True,evaluation,False,True,False
20260810,98,True,evaluation,False,True,False
20260810,99,True,rank_training,True,False,False
20260810,100,True,evaluation,False,True,False
20260810,101,True,rank_training,True,False,False
20260810,102,True,unused_after_eval_cap,False,False,True
20260810,103,True,evaluation,False,True,False
20260810,104,True,evaluation,False,True,False
20260810,105,True,evaluation,False,True,False
20260810,106,True,evaluation,False,True,False
20260810,107,True,rank_training,True,False,False
20260810,108,True,evaluation,False,True,False
20260810,109,True,evaluation,False,True,False
20260810,110,True,rank_training,True,False,False
20260810,111,True,evaluation,False,True,False
20260810,112,True,evaluation,False,True,False
20260810,113,True,evaluation,False,True,False
20260810,114,True,evaluation,False,True,False
20260810,115,True,evaluation,False,True,False
20260810,116,True,evaluation,False,True,False
20260810,117,True,evaluation,False,True,False
20260810,119,True,evaluation,False,True,False
20260810,120,True,evaluation,False,True,False
20260810,121,True,rank_training,True,False,False
20260810,122,True,unused_after_eval_cap,False,False,True
20260810,123,True,evaluation,False,True,False
20260810,124,True,evaluation,False,True,False
20260810,125,True,unused_after_eval_cap,False,False,True
20260810,126,True,unused_after_eval_cap,False,False,True
20260810,127,True,unused_after_eval_cap,False,False,True
20260810,128,True,evaluation,False,True,False
20260810,129,True,evaluation,False,True,False
20260810,130,True,evaluation,False,True,False
20260810,131,True,unused_after_eval_cap,False,False,True
20260810,132,True,evaluation,False,True,False
20260810,133,True,evaluation,False,True,False
20260810,134,True,evaluation,False,True,False
20260810,135,True,evaluation,False,True,False
20260810,136,True,rank_training,True,False,False
20260810,137,True,evaluation,False,True,False
20260810,138,True,rank_training,True,False,False
20260810,139,True,evaluation,False,True,False
20260810,141,True,evaluation,False,True,False
20260810,143,True,evaluation,False,True,False
20260810,144,True,rank_training,True,False,False
20260810,145,True,evaluation,False,True,False
20260810,146,True,rank_training,True,False,False
20260810,147,True,rank_training,True,False,False
20260810,148,True,rank_training,True,False,False
20260810,149,True,evaluation,False,True,False
20260810,150,True,unused_after_eval_cap,False,False,True
20260810,151,True,evaluation,False,True,False
20260810,152,True,evaluation,False,True,False
20260810,153,True,evaluation,False,True,False
20260810,154,True,evaluation,False,True,False
20260810,155,True,evaluation,False,True,False
20260810,156,True,unused_after_eval_cap,False,False,True
20260810,157,True,unused_after_eval_cap,False,False,True
20260810,158,True,rank_training,True,False,False
20260810,159,True,evaluation,False,True,False
20260810,160,True,evaluation,False,True,False
20260810,161,True,rank_training,True,False,False
20260810,162,True,evaluation,False,True,False
20260810,163,True,evaluation,False,True,False
20260810,164,True,evaluation,False,True,False
20260810,165,True,evaluation,False,True,False
20260810,167,True,evaluation,False,True,False
20260810,168,True,unused_after_eval_cap,False,False,True
20260810,169,True,evaluation,False,True,False
20260810,170,True,unused_after_eval_cap,False,False,True
20260810,171,True,unused_after_eval_cap,False,False,True
20260810,172,True,rank_training,True,False,False
20260810,173,True,evaluation,False,True,False
20260810,174,True,rank_training,True,False,False
20260810,175,True,evaluation,False,True,False
20260810,176,True,rank_training,True,False,False
20260810,177,True,unused_after_eval_cap,False,False,True
20260810,178,True,rank_training,True,False,False
20260810,179,True,evaluation,False,True,False
20260810,180,True,evaluation,False,True,False
20260810,181,True,evaluation,False,True,False
20260810,182,True,evaluation,False,True,False
20260810,183,True,evaluation,False,True,False
20260810,184,True,unused_after_eval_cap,False,False,True
20260810,185,True,unused_after_eval_cap,False,False,True
20260810,186,True,rank_training,True,False,False
20260810,187,True,evaluation,False,True,False
20260810,188,True,evaluation,False,True,False
20260810,189,True,evaluation,False,True,False
20260810,190,True,rank_training,True,False,False
20260810,191,True,evaluation,False,True,False
20260810,193,True,evaluation,False,True,False
20260810,194,True,evaluation,False,True,False
20260810,195,True,evaluation,False,True,False
20260810,196,True,rank_training,True,False,False
20260810,197,True,evaluation,False,True,False
20260810,198,True,evaluation,False,True,False
20260810,199,True,evaluation,False,True,False
20260810,200,True,rank_training,True,False,False
20260810,201,True,evaluation,False,True,False
20260810,202,True,evaluation,False,True,False
20260810,203,True,evaluation,False,True,False
20260810,204,True,rank_training,True,False,False
20260810,205,True,evaluation,False,True,False
20260810,206,True,rank_training,True,False,False
20260810,207,True,evaluation,False,True,False
20260810,208,True,evaluation,False,True,False
20260810,209,True,evaluation,False,True,False
20260810,210,True,evaluation,False,True,False
20260810,211,True,evaluation,False,True,False
20260810,212,True,evaluation,False,True,False
20260810,213,True,evaluation,False,True,False
20260810,214,True,unused_after_eval_cap,False,False,True
20260810,215,True,evaluation,False,True,False
20260810,216,True,evaluation,False,True,False
20260810,217,True,rank_training,True,False,False
20260810,218,True,evaluation,False,True,False
20260810,219,True,evaluation,False,True,False
20260810,221,True,evaluation,False,True,False
20260810,222,True,unused_after_eval_cap,False,False,True
20260810,223,True,evaluation,False,True,False
20260810,224,True,evaluation,False,True,False
20260810,225,True,evaluation,False,True,False
20260810,226,True,evaluation,False,True,False
20260810,227,True,rank_training,True,False,False
20260810,228,True,unused_after_eval_cap,False,False,True
20260810,229,True,unused_after_eval_cap,False,False,True
20260810,230,True,rank_training,True,False,False
20260810,231,True,unused_after_eval_cap,False,False,True
20260810,232,True,unused_after_eval_cap,False,False,True
20260810,233,True,evaluation,False,True,False
20260810,234,True,evaluation,False,True,False
20260810,235,True,rank_training,True,False,False
20260810,236,True,rank_training,True,False,False
20260810,237,True,evaluation,False,True,False
20260810,238,True,evaluation,False,True,False
20260810,239,True,evaluation,False,True,False
20260811,0,True,evaluation,False,True,False
20260811,1,True,evaluation,False,True,False
20260811,2,True,rank_training,True,False,False
20260811,3,True,unused_after_eval_cap,False,False,True
20260811,4,True,rank_training,True,False,False
20260811,5,True,evaluation,False,True,False
20260811,6,True,unused_after_eval_cap,False,False,True
20260811,7,True,evaluation,False,True,False
20260811,8,True,rank_training,True,False,False
20260811,9,True,evaluation,False,True,False
20260811,10,True,unused_after_eval_cap,False,False,True
20260811,11,True,evaluation,False,True,False
20260811,12,True,evaluation,False,True,False
20260811,13,True,evaluation,False,True,False
20260811,14,True,evaluation,False,True,False
20260811,15,True,unused_after_eval_cap,False,False,True
20260811,16,True,rank_training,True,False,False
20260811,17,True,evaluation,False,True,False
20260811,18,True,rank_training,True,False,False
20260811,19,True,evaluation,False,True,False
20260811,20,True,evaluation,False,True,False
20260811,21,True,evaluation,False,True,False
20260811,22,True,rank_training,True,False,False
20260811,23,True,unused_after_eval_cap,False,False,True
20260811,24,True,evaluation,False,True,False
20260811,25,True,evaluation,False,True,False
20260811,26,True,rank_training,True,False,False
20260811,27,True,evaluation,False,True,False
20260811,28,True,evaluation,False,True,False
20260811,29,True,unused_after_eval_cap,False,False,True
20260811,30,True,rank_training,True,False,False
20260811,31,True,evaluation,False,True,False
20260811,32,True,rank_training,True,False,False
20260811,33,True,evaluation,False,True,False
20260811,34,True,evaluation,False,True,False
20260811,35,True,unused_after_eval_cap,False,False,True
20260811,36,True,evaluation,False,True,False
20260811,37,True,evaluation,False,True,False
20260811,38,True,evaluation,False,True,False
20260811,39,True,evaluation,False,True,False
20260811,40,True,unused_after_eval_cap,False,False,True
20260811,41,True,evaluation,False,True,False
20260811,42,True,evaluation,False,True,False
20260811,43,True,rank_training,True,False,False
20260811,44,True,evaluation,False,True,False
20260811,45,True,evaluation,False,True,False
20260811,46,True,evaluation,False,True,False
20260811,47,True,unused_after_eval_cap,False,False,True
20260811,48,True,rank_training,True,False,False
20260811,49,True,evaluation,False,True,False
20260811,51,True,rank_training,True,False,False
20260811,52,True,rank_training,True,False,False
20260811,53,True,unused_after_eval_cap,False,False,True
20260811,54,True,evaluation,False,True,False
20260811,55,True,evaluation,False,True,False
20260811,56,True,evaluation,False,True,False
20260811,57,True,evaluation,False,True,False
20260811,58,True,evaluation,False,True,False
20260811,59,True,evaluation,False,True,False
20260811,60,True,evaluation,False,True,False
20260811,61,True,rank_training,True,False,False
20260811,62,True,unused_after_eval_cap,False,False,True
20260811,63,True,evaluation,False,True,False
20260811,64,True,evaluation,False,True,False
20260811,65,True,unused_after_eval_cap,False,False,True
20260811,66,True,evaluation,False,True,False
20260811,67,True,unused_after_eval_cap,False,False,True
20260811,68,True,evaluation,False,True,False
20260811,69,True,evaluation,False,True,False
20260811,70,True,evaluation,False,True,False
20260811,71,True,rank_training,True,False,False
20260811,72,True,evaluation,False,True,False
20260811,73,True,evaluation,False,True,False
20260811,74,True,evaluation,False,True,False
20260811,75,True,evaluation,False,True,False
20260811,76,True,rank_training,True,False,False
20260811,77,True,evaluation,False,True,False
20260811,78,True,rank_training,True,False,False
20260811,79,True,evaluation,False,True,False
20260811,80,True,unused_after_eval_cap,False,False,True
20260811,81,True,evaluation,False,True,False
20260811,82,True,evaluation,False,True,False
20260811,83,True,rank_training,True,False,False
20260811,85,True,evaluation,False,True,False
20260811,86,True,unused_after_eval_cap,False,False,True
20260811,87,True,evaluation,False,True,False
20260811,88,True,evaluation,False,True,False
20260811,89,True,evaluation,False,True,False
20260811,90,True,evaluation,False,True,False
20260811,91,True,evaluation,False,True,False
20260811,92,True,evaluation,False,True,False
20260811,93,True,unused_after_eval_cap,False,False,True
20260811,94,True,unused_after_eval_cap,False,False,True
20260811,95,True,evaluation,False,True,False
20260811,96,True,rank_training,True,False,False
20260811,97,True,evaluation,False,True,False
20260811,98,True,evaluation,False,True,False
20260811,99,True,evaluation,False,True,False
20260811,100,True,rank_training,True,False,False
20260811,101,True,evaluation,False,True,False
20260811,102,True,evaluation,False,True,False
20260811,103,True,evaluation,False,True,False
20260811,104,True,rank_training,True,False,False
20260811,105,True,evaluation,False,True,False
20260811,106,True,evaluation,False,True,False
20260811,107,True,rank_training,True,False,False
20260811,108,True,evaluation,False,True,False
20260811,109,True,unused_after_eval_cap,False,False,True
20260811,110,True,evaluation,False,True,False
20260811,111,True,rank_training,True,False,False
20260811,112,True,rank_training,True,False,False
20260811,113,True,evaluation,False,True,False
20260811,114,True,evaluation,False,True,False
20260811,115,True,unused_after_eval_cap,False,False,True
20260811,116,True,evaluation,False,True,False
20260811,117,True,rank_training,True,False,False
20260811,118,True,evaluation,False,True,False
20260811,119,True,evaluation,False,True,False
20260811,120,True,evaluation,False,True,False
20260811,121,True,unused_after_eval_cap,False,False,True
20260811,122,True,evaluation,False,True,False
20260811,123,True,evaluation,False,True,False
20260811,124,True,evaluation,False,True,False
20260811,125,True,evaluation,False,True,False
20260811,126,True,evaluation,False,True,False
20260811,127,True,evaluation,False,True,False
20260811,128,True,rank_training,True,False,False
20260811,129,True,rank_training,True,False,False
20260811,130,True,evaluation,False,True,False
20260811,131,True,rank_training,True,False,False
20260811,133,True,evaluation,False,True,False
20260811,134,True,evaluation,False,True,False
20260811,135,True,unused_after_eval_cap,False,False,True
20260811,136,True,evaluation,False,True,False
20260811,137,True,evaluation,False,True,False
20260811,138,True,unused_after_eval_cap,False,False,True
20260811,139,True,evaluation,False,True,False
20260811,140,True,unused_after_eval_cap,False,False,True
20260811,141,True,evaluation,False,True,False
20260811,142,True,rank_training,True,False,False
20260811,143,True,unused_after_eval_cap,False,False,True
20260811,144,True,rank_training,True,False,False
20260811,145,True,evaluation,False,True,False
20260811,147,True,evaluation,False,True,False
20260811,149,True,evaluation,False,True,False
20260811,150,True,evaluation,False,True,False
20260811,151,True,unused_after_eval_cap,False,False,True
20260811,152,True,evaluation,False,True,False
20260811,153,True,rank_training,True,False,False
20260811,154,True,unused_after_eval_cap,False,False,True
20260811,156,True,evaluation,False,True,False
20260811,157,True,evaluation,False,True,False
20260811,158,True,evaluation,False,True,False
20260811,159,True,evaluation,False,True,False
20260811,160,True,evaluation,False,True,False
20260811,161,True,evaluation,False,True,False
20260811,162,True,unused_after_eval_cap,False,False,True
20260811,163,True,evaluation,False,True,False
20260811,165,True,evaluation,False,True,False
20260811,166,True,evaluation,False,True,False
20260811,167,True,evaluation,False,True,False
20260811,168,True,evaluation,False,True,False
20260811,169,True,evaluation,False,True,False
20260811,170,True,evaluation,False,True,False
20260811,171,True,unused_after_eval_cap,False,False,True
20260811,172,True,evaluation,False,True,False
20260811,173,True,evaluation,False,True,False
20260811,174,True,rank_training,True,False,False
20260811,175,True,evaluation,False,True,False
20260811,176,True,rank_training,True,False,False
20260811,177,True,rank_training,True,False,False
20260811,178,True,evaluation,False,True,False
20260811,179,True,evaluation,False,True,False
20260811,180,True,unused_after_eval_cap,False,False,True
20260811,181,True,evaluation,False,True,False
20260811,182,True,evaluation,False,True,False
20260811,183,True,rank_training,True,False,False
20260811,184,True,evaluation,False,True,False
20260811,185,True,evaluation,False,True,False
20260811,186,True,evaluation,False,True,False
20260811,187,True,evaluation,False,True,False
20260811,188,True,evaluation,False,True,False
20260811,189,True,evaluation,False,True,False
20260811,190,True,unused_after_eval_cap,False,False,True
20260811,191,True,evaluation,False,True,False
20260811,192,True,unused_after_eval_cap,False,False,True
20260811,193,True,evaluation,False,True,False
20260811,194,True,evaluation,False,True,False
20260811,195,True,evaluation,False,True,False
20260811,196,True,evaluation,False,True,False
20260811,197,True,unused_after_eval_cap,False,False,True
20260811,198,True,rank_training,True,False,False
20260811,199,True,evaluation,False,True,False
20260811,200,True,evaluation,False,True,False
20260811,201,True,unused_after_eval_cap,False,False,True
20260811,202,True,evaluation,False,True,False
20260811,203,True,unused_after_eval_cap,False,False,True
20260811,204,True,evaluation,False,True,False
20260811,205,True,evaluation,False,True,False
20260811,206,True,rank_training,True,False,False
20260811,207,True,rank_training,True,False,False
20260811,208,True,unused_after_eval_cap,False,False,True
20260811,209,True,evaluation,False,True,False
20260811,210,True,evaluation,False,True,False
20260811,211,True,evaluation,False,True,False
20260811,212,True,rank_training,True,False,False
20260811,213,True,unused_after_eval_cap,False,False,True
20260811,214,True,evaluation,False,True,False
20260811,215,True,evaluation,False,True,False
20260811,216,True,evaluation,False,True,False
20260811,217,True,unused_after_eval_cap,False,False,True
20260811,218,True,evaluation,False,True,False
20260811,219,True,evaluation,False,True,False
20260811,220,True,evaluation,False,True,False
20260811,221,True,rank_training,True,False,False
20260811,222,True,evaluation,False,True,False
20260811,223,True,unused_after_eval_cap,False,False,True
20260811,224,True,unused_after_eval_cap,False,False,True
20260811,225,True,evaluation,False,True,False
20260811,226,True,evaluation,False,True,False
20260811,227,True,evaluation,False,True,False
20260811,228,True,evaluation,False,True,False
20260811,229,True,evaluation,False,True,False
20260811,230,True,evaluation,False,True,False
20260811,231,True,evaluation,False,True,False
20260811,232,True,evaluation,False,True,False
20260811,233,True,unused_after_eval_cap,False,False,True
20260811,234,True,evaluation,False,True,False
20260811,236,True,unused_after_eval_cap,False,False,True
20260811,237,True,evaluation,False,True,False
20260811,238,True,unused_after_eval_cap,False,False,True
20260811,239,True,evaluation,False,True,False
20260812,0,True,rank_training,True,False,False
20260812,1,True,evaluation,False,True,False
20260812,2,True,unused_after_eval_cap,False,False,True
20260812,3,True,evaluation,False,True,False
20260812,4,True,evaluation,False,True,False
20260812,5,True,evaluation,False,True,False
20260812,6,True,evaluation,False,True,False
20260812,7,True,evaluation,False,True,False
20260812,8,True,unused_after_eval_cap,False,False,True
20260812,9,True,evaluation,False,True,False
20260812,10,True,evaluation,False,True,False
20260812,11,True,unused_after_eval_cap,False,False,True
20260812,12,True,evaluation,False,True,False
20260812,13,True,evaluation,False,True,False
20260812,14,True,evaluation,False,True,False
20260812,15,True,evaluation,False,True,False
20260812,16,True,rank_training,True,False,False
20260812,17,True,evaluation,False,True,False
20260812,18,True,evaluation,False,True,False
20260812,19,True,evaluation,False,True,False
20260812,20,True,evaluation,False,True,False
20260812,21,True,rank_training,True,False,False
20260812,22,True,evaluation,False,True,False
20260812,23,True,unused_after_eval_cap,False,False,True
20260812,24,True,evaluation,False,True,False
20260812,25,True,rank_training,True,False,False
20260812,26,True,evaluation,False,True,False
20260812,27,True,unused_after_eval_cap,False,False,True
20260812,28,True,evaluation,False,True,False
20260812,29,True,unused_after_eval_cap,False,False,True
20260812,30,True,evaluation,False,True,False
20260812,31,True,evaluation,False,True,False
20260812,32,True,evaluation,False,True,False
20260812,33,True,unused_after_eval_cap,False,False,True
20260812,34,True,unused_after_eval_cap,False,False,True
20260812,35,True,evaluation,False,True,False
20260812,36,True,evaluation,False,True,False
20260812,37,True,evaluation,False,True,False
20260812,38,True,evaluation,False,True,False
20260812,39,True,unused_after_eval_cap,False,False,True
20260812,40,True,evaluation,False,True,False
20260812,41,True,evaluation,False,True,False
20260812,42,True,rank_training,True,False,False
20260812,43,True,evaluation,False,True,False
20260812,44,True,evaluation,False,True,False
20260812,45,True,evaluation,False,True,False
20260812,46,True,evaluation,False,True,False
20260812,47,True,evaluation,False,True,False
20260812,48,True,rank_training,True,False,False
20260812,49,True,unused_after_eval_cap,False,False,True
20260812,50,True,evaluation,False,True,False
20260812,51,True,unused_after_eval_cap,False,False,True
20260812,52,True,evaluation,False,True,False
20260812,53,True,evaluation,False,True,False
20260812,54,True,evaluation,False,True,False
20260812,55,True,evaluation,False,True,False
20260812,56,True,evaluation,False,True,False
20260812,57,True,evaluation,False,True,False
20260812,58,True,evaluation,False,True,False
20260812,59,True,evaluation,False,True,False
20260812,60,True,evaluation,False,True,False
20260812,61,True,evaluation,False,True,False
20260812,62,True,unused_after_eval_cap,False,False,True
20260812,63,True,unused_after_eval_cap,False,False,True
20260812,64,True,evaluation,False,True,False
20260812,65,True,unused_after_eval_cap,False,False,True
20260812,66,True,evaluation,False,True,False
20260812,67,True,rank_training,True,False,False
20260812,68,True,evaluation,False,True,False
20260812,69,True,evaluation,False,True,False
20260812,71,True,rank_training,True,False,False
20260812,72,True,evaluation,False,True,False
20260812,73,True,rank_training,True,False,False
20260812,74,True,unused_after_eval_cap,False,False,True
20260812,75,True,evaluation,False,True,False
20260812,77,True,evaluation,False,True,False
20260812,78,True,evaluation,False,True,False
20260812,79,True,evaluation,False,True,False
20260812,80,True,evaluation,False,True,False
20260812,81,True,evaluation,False,True,False
20260812,82,True,evaluation,False,True,False
20260812,83,True,unused_after_eval_cap,False,False,True
20260812,84,True,unused_after_eval_cap,False,False,True
20260812,85,True,rank_training,True,False,False
20260812,86,True,evaluation,False,True,False
20260812,87,True,rank_training,True,False,False
20260812,88,True,unused_after_eval_cap,False,False,True
20260812,89,True,rank_training,True,False,False
20260812,90,True,evaluation,False,True,False
20260812,91,True,evaluation,False,True,False
20260812,92,True,evaluation,False,True,False
20260812,93,True,evaluation,False,True,False
20260812,94,True,evaluation,False,True,False
20260812,95,True,evaluation,False,True,False
20260812,96,True,rank_training,True,False,False
20260812,97,True,evaluation,False,True,False
20260812,98,True,rank_training,True,False,False
20260812,99,True,evaluation,False,True,False
20260812,100,True,unused_after_eval_cap,False,False,True
20260812,101,True,unused_after_eval_cap,False,False,True
20260812,102,True,rank_training,True,False,False
20260812,103,True,unused_after_eval_cap,False,False,True
20260812,104,True,rank_training,True,False,False
20260812,105,True,unused_after_eval_cap,False,False,True
20260812,106,True,evaluation,False,True,False
20260812,107,True,unused_after_eval_cap,False,False,True
20260812,108,True,evaluation,False,True,False
20260812,109,True,evaluation,False,True,False
20260812,110,True,evaluation,False,True,False
20260812,111,True,evaluation,False,True,False
20260812,112,True,rank_training,True,False,False
20260812,113,True,rank_training,True,False,False
20260812,114,True,evaluation,False,True,False
20260812,115,True,evaluation,False,True,False
20260812,116,True,evaluation,False,True,False
20260812,117,True,rank_training,True,False,False
20260812,118,True,evaluation,False,True,False
20260812,119,True,unused_after_eval_cap,False,False,True
20260812,120,True,evaluation,False,True,False
20260812,121,True,unused_after_eval_cap,False,False,True
20260812,122,True,unused_after_eval_cap,False,False,True
20260812,123,True,unused_after_eval_cap,False,False,True
20260812,124,True,evaluation,False,True,False
20260812,125,True,evaluation,False,True,False
20260812,126,True,rank_training,True,False,False
20260812,127,True,evaluation,False,True,False
20260812,128,True,evaluation,False,True,False
20260812,129,True,evaluation,False,True,False
20260812,130,True,evaluation,False,True,False
20260812,131,True,evaluation,False,True,False
20260812,132,True,rank_training,True,False,False
20260812,133,True,rank_training,True,False,False
20260812,134,True,evaluation,False,True,False
20260812,135,True,unused_after_eval_cap,False,False,True
20260812,136,True,evaluation,False,True,False
20260812,137,True,evaluation,False,True,False
20260812,138,True,evaluation,False,True,False
20260812,139,True,evaluation,False,True,False
20260812,140,True,rank_training,True,False,False
20260812,141,True,unused_after_eval_cap,False,False,True
20260812,142,True,evaluation,False,True,False
20260812,143,True,evaluation,False,True,False
20260812,144,True,evaluation,False,True,False
20260812,145,True,evaluation,False,True,False
20260812,146,True,evaluation,False,True,False
20260812,147,True,evaluation,False,True,False
20260812,148,True,evaluation,False,True,False
20260812,149,True,evaluation,False,True,False
20260812,150,True,unused_after_eval_cap,False,False,True
20260812,151,True,evaluation,False,True,False
20260812,152,True,unused_after_eval_cap,False,False,True
20260812,153,True,evaluation,False,True,False
20260812,155,True,evaluation,False,True,False
20260812,156,True,unused_after_eval_cap,False,False,True
20260812,157,True,evaluation,False,True,False
20260812,158,True,evaluation,False,True,False
20260812,159,True,rank_training,True,False,False
20260812,160,True,rank_training,True,False,False
20260812,161,True,evaluation,False,True,False
20260812,162,True,rank_training,True,False,False
20260812,163,True,evaluation,False,True,False
20260812,164,True,rank_training,True,False,False
20260812,165,True,evaluation,False,True,False
20260812,166,True,evaluation,False,True,False
20260812,167,True,rank_training,True,False,False
20260812,168,True,rank_training,True,False,False
20260812,169,True,evaluation,False,True,False
20260812,170,True,rank_training,True,False,False
20260812,171,True,unused_after_eval_cap,False,False,True
20260812,172,True,rank_training,True,False,False
20260812,173,True,rank_training,True,False,False
20260812,174,True,evaluation,False,True,False
20260812,175,True,evaluation,False,True,False
20260812,176,True,rank_training,True,False,False
20260812,177,True,evaluation,False,True,False
20260812,178,True,unused_after_eval_cap,False,False,True
20260812,179,True,evaluation,False,True,False
20260812,180,True,evaluation,False,True,False
20260812,181,True,evaluation,False,True,False
20260812,182,True,evaluation,False,True,False
20260812,183,True,evaluation,False,True,False
20260812,184,True,evaluation,False,True,False
20260812,185,True,evaluation,False,True,False
20260812,186,True,evaluation,False,True,False
20260812,187,True,unused_after_eval_cap,False,False,True
20260812,189,True,evaluation,False,True,False
20260812,190,True,rank_training,True,False,False
20260812,191,True,evaluation,False,True,False
20260812,192,True,evaluation,False,True,False
20260812,193,True,rank_training,True,False,False
20260812,194,True,unused_after_eval_cap,False,False,True
20260812,195,True,rank_training,True,False,False
20260812,196,True,evaluation,False,True,False
20260812,197,True,evaluation,False,True,False
20260812,198,True,evaluation,False,True,False
20260812,199,True,evaluation,False,True,False
20260812,200,True,evaluation,False,True,False
20260812,201,True,evaluation,False,True,False
20260812,202,True,unused_after_eval_cap,False,False,True
20260812,203,True,unused_after_eval_cap,False,False,True
20260812,204,True,unused_after_eval_cap,False,False,True
20260812,205,True,rank_training,True,False,False
20260812,206,True,rank_training,True,False,False
20260812,207,True,evaluation,False,True,False
20260812,208,True,evaluation,False,True,False
20260812,209,True,evaluation,False,True,False
20260812,210,True,evaluation,False,True,False
20260812,211,True,evaluation,False,True,False
20260812,212,True,unused_after_eval_cap,False,False,True
20260812,213,True,unused_after_eval_cap,False,False,True
20260812,214,True,evaluation,False,True,False
20260812,215,True,evaluation,False,True,False
20260812,216,True,evaluation,False,True,False
20260812,217,True,evaluation,False,True,False
20260812,218,True,evaluation,False,True,False
20260812,219,True,evaluation,False,True,False
20260812,220,True,evaluation,False,True,False
20260812,221,True,unused_after_eval_cap,False,False,True
20260812,222,True,evaluation,False,True,False
20260812,223,True,evaluation,False,True,False
20260812,224,True,evaluation,False,True,False
20260812,225,True,evaluation,False,True,False
20260812,227,True,evaluation,False,True,False
20260812,228,True,evaluation,False,True,False
20260812,229,True,evaluation,False,True,False
20260812,230,True,evaluation,False,True,False
20260812,231,True,evaluation,False,True,False
20260812,232,True,evaluation,False,True,False
20260812,233,True,evaluation,False,True,False
20260812,234,True,rank_training,True,False,False
20260812,235,True,unused_after_eval_cap,False,False,True
20260812,236,True,rank_training,True,False,False
20260812,237,True,evaluation,False,True,False
20260812,238,True,unused_after_eval_cap,False,False,True
20260812,239,True,unused_after_eval_cap,False,False,True
20260813,0,True,unused_after_eval_cap,False,False,True
20260813,1,True,unused_after_eval_cap,False,False,True
20260813,2,True,evaluation,False,True,False
20260813,3,True,evaluation,False,True,False
20260813,4,True,evaluation,False,True,False
20260813,5,True,unused_after_eval_cap,False,False,True
20260813,6,True,rank_training,True,False,False
20260813,7,True,unused_after_eval_cap,False,False,True
20260813,8,True,rank_training,True,False,False
20260813,9,True,evaluation,False,True,False
20260813,10,True,evaluation,False,True,False
20260813,11,True,evaluation,False,True,False
20260813,12,True,evaluation,False,True,False
20260813,13,True,evaluation,False,True,False
20260813,14,True,evaluation,False,True,False
20260813,15,True,rank_training,True,False,False
20260813,16,True,evaluation,False,True,False
20260813,17,True,unused_after_eval_cap,False,False,True
20260813,18,True,evaluation,False,True,False
20260813,19,True,unused_after_eval_cap,False,False,True
20260813,20,True,evaluation,False,True,False
20260813,21,True,unused_after_eval_cap,False,False,True
20260813,22,True,evaluation,False,True,False
20260813,23,True,rank_training,True,False,False
20260813,24,True,evaluation,False,True,False
20260813,25,True,evaluation,False,True,False
20260813,26,True,evaluation,False,True,False
20260813,27,True,evaluation,False,True,False
20260813,28,True,evaluation,False,True,False
20260813,29,True,evaluation,False,True,False
20260813,30,True,rank_training,True,False,False
20260813,31,True,evaluation,False,True,False
20260813,32,True,evaluation,False,True,False
20260813,33,True,unused_after_eval_cap,False,False,True
20260813,34,True,rank_training,True,False,False
20260813,35,True,unused_after_eval_cap,False,False,True
20260813,36,True,unused_after_eval_cap,False,False,True
20260813,37,True,evaluation,False,True,False
20260813,38,True,evaluation,False,True,False
20260813,39,True,evaluation,False,True,False
20260813,40,True,unused_after_eval_cap,False,False,True
20260813,41,True,evaluation,False,True,False
20260813,42,True,evaluation,False,True,False
20260813,43,True,evaluation,False,True,False
20260813,44,True,rank_training,True,False,False
20260813,45,True,unused_after_eval_cap,False,False,True
20260813,46,True,evaluation,False,True,False
20260813,47,True,evaluation,False,True,False
20260813,48,True,evaluation,False,True,False
20260813,49,True,evaluation,False,True,False
20260813,50,True,evaluation,False,True,False
20260813,51,True,rank_training,True,False,False
20260813,52,True,rank_training,True,False,False
20260813,53,True,rank_training,True,False,False
20260813,54,True,evaluation,False,True,False
20260813,55,True,evaluation,False,True,False
20260813,56,True,evaluation,False,True,False
20260813,57,True,unused_after_eval_cap,False,False,True
20260813,58,True,evaluation,False,True,False
20260813,59,True,evaluation,False,True,False
20260813,60,True,evaluation,False,True,False
20260813,61,True,evaluation,False,True,False
20260813,62,True,rank_training,True,False,False
20260813,63,True,evaluation,False,True,False
20260813,64,True,unused_after_eval_cap,False,False,True
20260813,65,True,unused_after_eval_cap,False,False,True
20260813,66,True,evaluation,False,True,False
20260813,67,True,evaluation,False,True,False
20260813,68,True,evaluation,False,True,False
20260813,69,True,rank_training,True,False,False
20260813,70,True,evaluation,False,True,False
20260813,71,True,unused_after_eval_cap,False,False,True
20260813,73,True,evaluation,False,True,False
20260813,74,True,rank_training,True,False,False
20260813,75,True,evaluation,False,True,False
20260813,76,True,unused_after_eval_cap,False,False,True
20260813,77,True,evaluation,False,True,False
20260813,78,True,evaluation,False,True,False
20260813,79,True,rank_training,True,False,False
20260813,80,True,evaluation,False,True,False
20260813,81,True,evaluation,False,True,False
20260813,82,True,evaluation,False,True,False
20260813,83,True,unused_after_eval_cap,False,False,True
20260813,84,True,evaluation,False,True,False
20260813,85,True,evaluation,False,True,False
20260813,86,True,evaluation,False,True,False
20260813,87,True,evaluation,False,True,False
20260813,88,True,evaluation,False,True,False
20260813,89,True,evaluation,False,True,False
20260813,90,True,unused_after_eval_cap,False,False,True
20260813,91,True,unused_after_eval_cap,False,False,True
20260813,92,True,unused_after_eval_cap,False,False,True
20260813,93,True,evaluation,False,True,False
20260813,94,True,unused_after_eval_cap,False,False,True
20260813,95,True,evaluation,False,True,False
20260813,96,True,evaluation,False,True,False
20260813,97,True,unused_after_eval_cap,False,False,True
20260813,98,True,evaluation,False,True,False
20260813,99,True,rank_training,True,False,False
20260813,100,True,unused_after_eval_cap,False,False,True
20260813,101,True,unused_after_eval_cap,False,False,True
20260813,102,True,unused_after_eval_cap,False,False,True
20260813,103,True,evaluation,False,True,False
20260813,104,True,evaluation,False,True,False
20260813,105,True,evaluation,False,True,False
20260813,106,True,evaluation,False,True,False
20260813,107,True,rank_training,True,False,False
20260813,108,True,unused_after_eval_cap,False,False,True
20260813,109,True,unused_after_eval_cap,False,False,True
20260813,110,True,rank_training,True,False,False
20260813,111,True,evaluation,False,True,False
20260813,112,True,evaluation,False,True,False
20260813,113,True,evaluation,False,True,False
20260813,114,True,evaluation,False,True,False
20260813,115,True,unused_after_eval_cap,False,False,True
20260813,116,True,evaluation,False,True,False
20260813,117,True,evaluation,False,True,False
20260813,118,True,unused_after_eval_cap,False,False,True
20260813,119,True,unused_after_eval_cap,False,False,True
20260813,120,True,evaluation,False,True,False
20260813,121,True,evaluation,False,True,False
20260813,122,True,evaluation,False,True,False
20260813,123,True,evaluation,False,True,False
20260813,124,True,evaluation,False,True,False
20260813,125,True,unused_after_eval_cap,False,False,True
20260813,126,True,unused_after_eval_cap,False,False,True
20260813,127,True,evaluation,False,True,False
20260813,128,True,evaluation,False,True,False
20260813,129,True,evaluation,False,True,False
20260813,130,True,rank_training,True,False,False
20260813,131,True,unused_after_eval_cap,False,False,True
20260813,132,True,evaluation,False,True,False
20260813,133,True,evaluation,False,True,False
20260813,134,True,unused_after_eval_cap,False,False,True
20260813,135,True,evaluation,False,True,False
20260813,136,True,rank_training,True,False,False
20260813,137,True,evaluation,False,True,False
20260813,138,True,evaluation,False,True,False
20260813,139,True,evaluation,False,True,False
20260813,140,True,evaluation,False,True,False
20260813,141,True,rank_training,True,False,False
20260813,142,True,evaluation,False,True,False
20260813,143,True,evaluation,False,True,False
20260813,144,True,evaluation,False,True,False
20260813,145,True,evaluation,False,True,False
20260813,146,True,evaluation,False,True,False
20260813,147,True,evaluation,False,True,False
20260813,149,True,evaluation,False,True,False
20260813,150,True,evaluation,False,True,False
20260813,151,True,rank_training,True,False,False
20260813,152,True,evaluation,False,True,False
20260813,153,True,evaluation,False,True,False
20260813,154,True,evaluation,False,True,False
20260813,155,True,evaluation,False,True,False
20260813,156,True,evaluation,False,True,False
20260813,157,True,evaluation,False,True,False
20260813,158,True,evaluation,False,True,False
20260813,159,True,unused_after_eval_cap,False,False,True
20260813,160,True,evaluation,False,True,False
20260813,161,True,evaluation,False,True,False
20260813,162,True,evaluation,False,True,False
20260813,163,True,evaluation,False,True,False
20260813,164,True,evaluation,False,True,False
20260813,165,True,evaluation,False,True,False
20260813,166,True,unused_after_eval_cap,False,False,True
20260813,167,True,evaluation,False,True,False
20260813,168,True,evaluation,False,True,False
20260813,169,True,evaluation,False,True,False
20260813,170,True,rank_training,True,False,False
20260813,171,True,rank_training,True,False,False
20260813,172,True,rank_training,True,False,False
20260813,174,True,rank_training,True,False,False
20260813,175,True,evaluation,False,True,False
20260813,177,True,unused_after_eval_cap,False,False,True
20260813,178,True,rank_training,True,False,False
20260813,179,True,rank_training,True,False,False
20260813,180,True,evaluation,False,True,False
20260813,181,True,rank_training,True,False,False
20260813,182,True,rank_training,True,False,False
20260813,183,True,evaluation,False,True,False
20260813,184,True,evaluation,False,True,False
20260813,185,True,evaluation,False,True,False
20260813,186,True,evaluation,False,True,False
20260813,187,True,evaluation,False,True,False
20260813,188,True,unused_after_eval_cap,False,False,True
20260813,189,True,evaluation,False,True,False
20260813,190,True,evaluation,False,True,False
20260813,191,True,unused_after_eval_cap,False,False,True
20260813,192,True,evaluation,False,True,False
20260813,193,True,evaluation,False,True,False
20260813,194,True,unused_after_eval_cap,False,False,True
20260813,195,True,evaluation,False,True,False
20260813,196,True,evaluation,False,True,False
20260813,197,True,evaluation,False,True,False
20260813,198,True,evaluation,False,True,False
20260813,199,True,evaluation,False,True,False
20260813,200,True,rank_training,True,False,False
20260813,201,True,unused_after_eval_cap,False,False,True
20260813,202,True,evaluation,False,True,False
20260813,203,True,evaluation,False,True,False
20260813,204,True,evaluation,False,True,False
20260813,205,True,rank_training,True,False,False
20260813,206,True,evaluation,False,True,False
20260813,207,True,evaluation,False,True,False
20260813,208,True,rank_training,True,False,False
20260813,209,True,evaluation,False,True,False
20260813,210,True,evaluation,False,True,False
20260813,211,True,evaluation,False,True,False
20260813,212,True,rank_training,True,False,False
20260813,213,True,rank_training,True,False,False
20260813,214,True,evaluation,False,True,False
20260813,215,True,rank_training,True,False,False
20260813,216,True,unused_after_eval_cap,False,False,True
20260813,217,True,evaluation,False,True,False
20260813,218,True,evaluation,False,True,False
20260813,219,True,evaluation,False,True,False
20260813,220,True,rank_training,True,False,False
20260813,221,True,rank_training,True,False,False
20260813,222,True,evaluation,False,True,False
20260813,223,True,evaluation,False,True,False
20260813,224,True,evaluation,False,True,False
20260813,225,True,evaluation,False,True,False
20260813,226,True,unused_after_eval_cap,False,False,True
20260813,227,True,evaluation,False,True,False
20260813,228,True,evaluation,False,True,False
20260813,229,True,evaluation,False,True,False
20260813,230,True,rank_training,True,False,False
20260813,231,True,evaluation,False,True,False
20260813,232,True,evaluation,False,True,False
20260813,233,True,evaluation,False,True,False
20260813,234,True,rank_training,True,False,False
20260813,235,True,unused_after_eval_cap,False,False,True
20260813,236,True,evaluation,False,True,False
20260813,237,True,evaluation,False,True,False
20260813,238,True,rank_training,True,False,False
20260813,239,True,unused_after_eval_cap,False,False,True
